Date,Close
,AAPL
2015-01-02,24.261049270629883
2015-01-05,23.57757568359375
2015-01-06,23.57979393005371
2015-01-07,23.91043472290039
2015-01-08,24.829133987426758
2015-01-09,24.855758666992188
2015-01-12,24.243295669555664
2015-01-13,24.458538055419922
2015-01-14,24.36534309387207
2015-01-15,23.70406150817871
2015-01-16,23.51987648010254
2015-01-20,24.12568473815918
2015-01-21,24.30986785888672
2015-01-22,24.942298889160156
2015-01-23,25.07100486755371
2015-01-26,25.097637176513672
2015-01-27,24.218887329101562
2015-01-28,25.58805274963379
2015-01-29,26.384693145751953
2015-01-30,25.998571395874023
2015-02-02,26.32477569580078
2015-02-03,26.3292179107666
2015-02-04,26.531147003173828
2015-02-05,26.720518112182617
2015-02-06,26.495500564575195
2015-02-09,26.671504974365234
2015-02-10,27.18390464782715
2015-02-11,27.821060180664062
2015-02-12,28.17305564880371
2015-02-13,28.311185836791992
2015-02-17,28.478273391723633
2015-02-18,28.676546096801758
2015-02-19,28.616390228271484
2015-02-20,28.85032081604004
2015-02-23,29.63005828857422
2015-02-24,29.445140838623047
2015-02-25,28.692136764526367
2015-02-26,29.055273056030273
2015-02-27,28.618619918823242
2015-03-02,28.758968353271484
2015-03-03,28.819122314453125
2015-03-04,28.636445999145508
2015-03-05,28.16191291809082
2015-03-06,28.204248428344727
2015-03-09,28.324546813964844
2015-03-10,27.738628387451172
2015-03-11,27.232913970947266
2015-03-12,27.725263595581055
2015-03-13,27.533676147460938
2015-03-16,27.836652755737305
2015-03-17,28.302276611328125
2015-03-18,28.620851516723633
2015-03-19,28.404752731323242
2015-03-20,28.04829978942871
2015-03-23,28.340145111083984
2015-03-24,28.224292755126953
2015-03-25,27.486888885498047
2015-03-26,27.67848014831543
2015-03-27,27.457931518554688
2015-03-30,28.15300941467285
2015-03-31,27.720813751220703
2015-04-01,27.68071174621582
2015-04-02,27.919086456298828
2015-04-06,28.371334075927734
2015-04-07,28.072803497314453
2015-04-08,27.98146629333496
2015-04-09,28.19533348083496
2015-04-10,28.31563949584961
2015-04-13,28.259944915771484
2015-04-14,28.137409210205078
2015-04-15,28.24435043334961
2015-04-16,28.10844612121582
2015-04-17,27.792098999023438
2015-04-20,28.427024841308594
2015-04-21,28.273311614990234
2015-04-22,28.65426254272461
2015-04-23,28.8881893157959
2015-04-24,29.024084091186523
2015-04-27,29.552085876464844
2015-04-28,29.086463928222656
2015-04-29,28.658721923828125
2015-04-30,27.88121223449707
2015-05-01,28.727785110473633
2015-05-04,28.672088623046875
2015-05-05,28.026023864746094
2015-05-06,27.850027084350586
2015-05-07,28.02227783203125
2015-05-08,28.55024528503418
2015-05-11,28.25942039489746
2015-05-12,28.158750534057617
2015-05-13,28.1900691986084
2015-05-14,28.847782135009766
2015-05-15,28.807519912719727
2015-05-18,29.12518310546875
2015-05-19,29.09834098815918
2015-05-20,29.09610939025879
2015-05-21,29.39364242553711
2015-05-22,29.650911331176758
2015-05-26,28.997669219970703
2015-05-27,29.5390567779541
2015-05-28,29.48089027404785
2015-05-29,29.145320892333984
2015-06-01,29.20347785949707
2015-06-02,29.07373046875
2015-06-03,29.109525680541992
2015-06-04,28.93950080871582
2015-06-05,28.780672073364258
2015-06-08,28.590517044067383
2015-06-09,28.50550079345703
2015-06-10,28.83212661743164
2015-06-11,28.76724624633789
2015-06-12,28.449583053588867
2015-06-15,28.393644332885742
2015-06-16,28.545764923095703
2015-06-17,28.478654861450195
2015-06-18,28.608413696289062
2015-06-19,28.322059631347656
2015-06-22,28.548009872436523
2015-06-23,28.418258666992188
2015-06-24,28.659862518310547
2015-06-25,28.52340316772461
2015-06-26,28.355613708496094
2015-06-29,27.858970642089844
2015-06-30,28.06031608581543
2015-07-01,28.322059631347656
2015-07-02,28.28626823425293
2015-07-06,28.18783187866211
2015-07-07,28.118484497070312
2015-07-08,27.420495986938477
2015-07-09,26.8612117767334
2015-07-10,27.579328536987305
2015-07-13,28.111772537231445
2015-07-14,28.1005859375
2015-07-15,28.371280670166016
2015-07-16,28.749343872070312
2015-07-17,28.997669219970703
2015-07-20,29.545772552490234
2015-07-21,29.250471115112305
2015-07-22,28.013330459594727
2015-07-23,27.99991798400879
2015-07-24,27.85225486755371
2015-07-27,27.46523666381836
2015-07-28,27.601703643798828
2015-07-29,27.51445770263672
2015-07-30,27.37575340270996
2015-07-31,27.136375427246094
2015-08-03,26.496559143066406
2015-08-04,25.646455764770508
2015-08-05,25.816476821899414
2015-08-06,25.872652053833008
2015-08-07,25.96029281616211
2015-08-10,26.904146194458008
2015-08-11,25.50409698486328
2015-08-12,25.897375106811523
2015-08-13,25.877151489257812
2015-08-14,26.059173583984375
2015-08-17,26.328847885131836
2015-08-18,26.180526733398438
2015-08-19,25.84568977355957
2015-08-20,25.315336227416992
2015-08-21,23.766979217529297
2015-08-24,23.1737060546875
2015-08-25,23.313032150268555
2015-08-26,24.650148391723633
2015-08-27,25.376008987426758
2015-08-28,25.459156036376953
2015-08-31,25.34005355834961
2015-09-01,24.20744514465332
2015-09-02,25.245664596557617
2015-09-03,24.802955627441406
2015-09-04,24.55576515197754
2015-09-08,25.238929748535156
2015-09-09,24.75351905822754
2015-09-10,25.2973575592041
2015-09-11,25.665908813476562
2015-09-14,25.913105010986328
2015-09-15,26.131092071533203
2015-09-16,26.160306930541992
2015-09-17,25.600738525390625
2015-09-18,25.4951171875
2015-09-21,25.89063262939453
2015-09-22,25.4838809967041
2015-09-23,25.690629959106445
2015-09-24,25.843442916870117
2015-09-25,25.77827262878418
2015-09-28,25.268136978149414
2015-09-29,24.50857162475586
2015-09-30,24.787233352661133
2015-10-01,24.62542152404785
2015-10-02,24.80520248413086
2015-10-05,24.895097732543945
2015-10-06,25.014204025268555
2015-10-07,24.895097732543945
2015-10-08,24.607452392578125
2015-10-09,25.196229934692383
2015-10-12,25.079374313354492
2015-10-13,25.122066497802734
2015-10-14,24.767004013061523
2015-10-15,25.13779640197754
2015-10-16,24.953519821166992
2015-10-19,25.108591079711914
2015-10-20,25.567026138305664
2015-10-21,25.564783096313477
2015-10-22,25.955808639526367
2015-10-23,26.760316848754883
2015-10-26,25.906360626220703
2015-10-27,25.742307662963867
2015-10-28,26.803016662597656
2015-10-29,27.08617401123047
2015-10-30,26.854700088500977
2015-11-02,27.23224639892578
2015-11-03,27.544618606567383
2015-11-04,27.416519165039062
2015-11-05,27.290130615234375
2015-11-06,27.32172966003418
2015-11-09,27.211143493652344
2015-11-10,26.353534698486328
2015-11-11,26.204578399658203
2015-11-12,26.116558074951172
2015-11-13,25.353727340698242
2015-11-16,25.769001007080078
2015-11-17,25.658418655395508
2015-11-18,26.47088623046875
2015-11-19,26.807159423828125
2015-11-20,26.924516677856445
2015-11-23,26.574703216552734
2015-11-24,26.829729080200195
2015-11-25,26.637897491455078
2015-11-27,26.588245391845703
2015-11-30,26.698833465576172
2015-12-01,26.482173919677734
2015-12-02,26.24294662475586
2015-12-03,25.99920082092285
2015-12-04,26.86358070373535
2015-12-07,26.694316864013672
2015-12-08,26.68303871154785
2015-12-09,26.093990325927734
2015-12-10,26.218114852905273
2015-12-11,25.54330825805664
2015-12-14,25.38532829284668
2015-12-15,24.93621253967285
2015-12-16,25.128049850463867
2015-12-17,24.59542465209961
2015-12-18,23.929643630981445
2015-12-21,24.223039627075195
2015-12-22,24.20047378540039
2015-12-23,24.511917114257812
2015-12-24,24.38101577758789
2015-12-28,24.107938766479492
2015-12-29,24.541259765625
2015-12-30,24.22078514099121
2015-12-31,23.755868911743164
2016-01-04,23.776174545288086
2016-01-05,23.180360794067383
2016-01-06,22.726728439331055
2016-01-07,21.767562866210938
2016-01-08,21.882661819458008
2016-01-11,22.236988067626953
2016-01-12,22.559722900390625
2016-01-13,21.979700088500977
2016-01-14,22.460416793823242
2016-01-15,21.9210205078125
2016-01-19,21.814952850341797
2016-01-20,21.844301223754883
2016-01-21,21.733713150024414
2016-01-22,22.88922119140625
2016-01-25,22.442365646362305
2016-01-26,22.566495895385742
2016-01-27,21.08371925354004
2016-01-28,21.234933853149414
2016-01-29,21.968420028686523
2016-02-01,21.763044357299805
2016-02-02,21.322956085205078
2016-02-03,21.7449951171875
2016-02-04,21.91971778869629
2016-02-05,21.334278106689453
2016-02-08,21.558921813964844
2016-02-09,21.554386138916016
2016-02-10,21.39100456237793
2016-02-11,21.261669158935547
2016-02-12,21.327472686767578
2016-02-16,21.92879295349121
2016-02-17,22.26461410522461
2016-02-18,21.84256362915039
2016-02-19,21.792644500732422
2016-02-22,21.983247756958008
2016-02-23,21.48630714416504
2016-02-24,21.806262969970703
2016-02-25,21.956018447875977
2016-02-26,21.990062713623047
2016-02-29,21.940141677856445
2016-03-01,22.811471939086914
2016-03-02,22.861400604248047
2016-03-03,23.031583786010742
2016-03-04,23.374217987060547
2016-03-07,23.115541458129883
2016-03-08,22.924930572509766
2016-03-09,22.945358276367188
2016-03-10,22.956695556640625
2016-03-11,23.20403480529785
2016-03-14,23.263029098510742
2016-03-15,23.730472564697266
2016-03-16,24.045879364013672
2016-03-17,24.007301330566406
2016-03-18,24.03453254699707
2016-03-21,24.03226661682129
2016-03-22,24.216062545776367
2016-03-23,24.082183837890625
2016-03-24,23.977802276611328
2016-03-28,23.86888885498047
2016-03-29,24.43389892578125
2016-03-30,24.860496520996094
2016-03-31,24.73115348815918
2016-04-01,24.958066940307617
2016-04-04,25.214475631713867
2016-04-05,24.91722297668457
2016-04-06,25.178173065185547
2016-04-07,24.629047393798828
2016-04-08,24.656272888183594
2016-04-11,24.73796272277832
2016-04-12,25.060178756713867
2016-04-13,25.423236846923828
2016-04-14,25.436853408813477
2016-04-15,24.926292419433594
2016-04-18,24.388517379760742
2016-04-19,24.259174346923828
2016-04-20,24.30909538269043
2016-04-21,24.045879364013672
2016-04-22,23.98007583618164
2016-04-25,23.84392547607422
2016-04-26,23.678279876708984
2016-04-27,22.19654655456543
2016-04-28,21.518075942993164
2016-04-29,21.270750045776367
2016-05-02,21.248056411743164
2016-05-03,21.597501754760742
2016-05-04,21.37285614013672
2016-05-05,21.286104202270508
2016-05-06,21.16739273071289
2016-05-09,21.183374404907227
2016-05-10,21.32719612121582
2016-05-11,21.11945152282715
2016-05-12,20.624046325683594
2016-05-13,20.665145874023438
2016-05-16,21.432207107543945
2016-05-17,21.343172073364258
2016-05-18,21.587451934814453
2016-05-19,21.50526237487793
2016-05-20,21.738126754760742
2016-05-23,22.01435661315918
2016-05-24,22.349946975708008
2016-05-25,22.742618560791016
2016-05-26,22.92296600341797
2016-05-27,22.909273147583008
2016-05-31,22.797407150268555
2016-06-01,22.47779655456543
2016-06-02,22.308856964111328
2016-06-03,22.354516983032227
2016-06-06,22.5166072845459
2016-06-07,22.607919692993164
2016-06-08,22.58737564086914
2016-06-09,22.749469757080078
2016-06-10,22.56226348876953
2016-06-13,22.222103118896484
2016-06-14,22.249502182006836
2016-06-15,22.176448822021484
2016-06-16,22.27005958557129
2016-06-17,21.76323699951172
2016-06-20,21.71072769165039
2016-06-21,21.895648956298828
2016-06-22,21.813461303710938
2016-06-23,21.93902587890625
2016-06-24,21.3226318359375
2016-06-27,21.01215171813965
2016-06-28,21.366008758544922
2016-06-29,21.550928115844727
2016-06-30,21.82487678527832
2016-07-01,21.891082763671875
2016-07-05,21.68561363220215
2016-07-06,21.80889892578125
2016-07-07,21.902498245239258
2016-07-08,22.071434020996094
2016-07-11,22.139923095703125
2016-07-12,22.240367889404297
2016-07-13,22.11481475830078
2016-07-14,22.55313491821289
2016-07-15,22.550851821899414
2016-07-18,22.79055404663086
2016-07-19,22.799692153930664
2016-07-20,22.820234298706055
2016-07-21,22.699241638183594
2016-07-22,22.523454666137695
2016-07-25,22.222103118896484
2016-07-26,22.069150924682617
2016-07-27,23.50283432006836
2016-07-28,23.820165634155273
2016-07-29,23.790491104125977
2016-08-01,24.210542678833008
2016-08-02,23.85212516784668
2016-08-03,24.15118980407715
2016-08-04,24.300382614135742
2016-08-05,24.669931411743164
2016-08-08,24.87421226501465
2016-08-09,24.975196838378906
2016-08-10,24.789281845092773
2016-08-11,24.773216247558594
2016-08-12,24.830596923828125
2016-08-15,25.128984451293945
2016-08-16,25.106033325195312
2016-08-17,25.069307327270508
2016-08-18,25.037174224853516
2016-08-19,25.101449966430664
2016-08-22,24.906335830688477
2016-08-23,24.98438262939453
2016-08-24,24.796173095703125
2016-08-25,24.690584182739258
2016-08-26,24.545984268188477
2016-08-29,24.5184383392334
2016-08-30,24.33022117614746
2016-08-31,24.353174209594727
2016-09-01,24.497774124145508
2016-09-02,24.727313995361328
2016-09-06,24.720422744750977
2016-09-07,24.87191390991211
2016-09-08,24.220046997070312
2016-09-09,23.67147445678711
2016-09-12,24.201684951782227
2016-09-13,24.77780532836914
2016-09-14,25.65460968017578
2016-09-15,26.526836395263672
2016-09-16,26.377628326416016
2016-09-19,26.0700626373291
2016-09-20,26.067768096923828
2016-09-21,26.06317901611328
2016-09-22,26.308773040771484
2016-09-23,25.87036895751953
2016-09-26,25.90938949584961
2016-09-27,25.95758628845215
2016-09-28,26.154983520507812
2016-09-29,25.74872398376465
2016-09-30,25.94841194152832
2016-10-03,25.82676124572754
2016-10-04,25.936935424804688
2016-10-05,25.94841194152832
2016-10-06,26.14121437072754
2016-10-07,26.180234909057617
2016-10-10,26.63700294494629
2016-10-11,26.69438362121582
2016-10-12,26.93309211730957
2016-10-13,26.8504695892334
2016-10-14,26.999656677246094
2016-10-17,26.981294631958008
2016-10-18,26.962934494018555
2016-10-19,26.882604598999023
2016-10-20,26.86882781982422
2016-10-21,26.76324462890625
2016-10-24,27.00425148010254
2016-10-25,27.1419677734375
2016-10-26,26.531415939331055
2016-10-27,26.276641845703125
2016-10-28,26.102203369140625
2016-10-31,26.06087875366211
2016-11-01,25.590343475341797
2016-11-02,25.613292694091797
2016-11-03,25.33875274658203
2016-11-04,25.110353469848633
2016-11-07,25.47256851196289
2016-11-08,25.622526168823242
2016-11-09,25.58099365234375
2016-11-10,24.868106842041016
2016-11-11,25.01576042175293
2016-11-14,24.388235092163086
2016-11-15,24.711225509643555
2016-11-16,25.375673294067383
2016-11-17,25.366437911987305
2016-11-18,25.391813278198242
2016-11-21,25.77710723876953
2016-11-22,25.79325294494629
2016-11-23,25.661746978759766
2016-11-25,25.79094886779785
2016-11-28,25.74019432067871
2016-11-29,25.714813232421875
2016-11-30,25.49794578552246
2016-12-01,25.26030921936035
2016-12-02,25.354904174804688
2016-12-05,25.172645568847656
2016-12-06,25.366437911987305
2016-12-07,25.615604400634766
2016-12-08,25.867074966430664
2016-12-09,26.289270401000977
2016-12-12,26.139312744140625
2016-12-13,26.575353622436523
2016-12-14,26.575353622436523
2016-12-15,26.720699310302734
2016-12-16,26.755308151245117
2016-12-19,26.909883499145508
2016-12-20,26.981407165527344
2016-12-21,27.00678062438965
2016-12-22,26.82913589477539
2016-12-23,26.88219451904297
2016-12-27,27.05292320251465
2016-12-28,26.937570571899414
2016-12-29,26.93064308166504
2016-12-30,26.720699310302734
2017-01-03,26.79683494567871
2017-01-04,26.76683807373047
2017-01-05,26.902963638305664
2017-01-06,27.202884674072266
2017-01-09,27.452045440673828
2017-01-10,27.479736328125
2017-01-11,27.62738609313965
2017-01-12,27.51202964782715
2017-01-13,27.463581085205078
2017-01-17,27.68506622314453
2017-01-18,27.682754516601562
2017-01-19,27.63430404663086
2017-01-20,27.68506622314453
2017-01-23,27.70352554321289
2017-01-24,27.67814064025879
2017-01-25,28.118789672851562
2017-01-26,28.132638931274414
2017-01-27,28.134944915771484
2017-01-30,28.06111717224121
2017-01-31,27.99652099609375
2017-02-01,29.703765869140625
2017-02-02,29.65300941467285
2017-02-03,29.77989959716797
2017-02-06,30.059049606323242
2017-02-07,30.345129013061523
2017-02-08,30.462797164916992
2017-02-09,30.682920455932617
2017-02-10,30.613405227661133
2017-02-13,30.88450813293457
2017-02-14,31.285367965698242
2017-02-15,31.398897171020508
2017-02-16,31.361827850341797
2017-02-17,31.44756317138672
2017-02-21,31.674644470214844
2017-02-22,31.76964569091797
2017-02-23,31.635242462158203
2017-02-24,31.665367126464844
2017-02-27,31.727920532226562
2017-02-28,31.7418270111084
2017-03-01,32.39061737060547
2017-03-02,32.19829559326172
2017-03-03,32.388301849365234
2017-03-06,32.286346435546875
2017-03-07,32.328067779541016
2017-03-08,32.20756912231445
2017-03-09,32.13341522216797
2017-03-10,32.2400016784668
2017-03-13,32.2539176940918
2017-03-14,32.20524978637695
2017-03-15,32.54585647583008
2017-03-16,32.59914779663086
2017-03-17,32.436954498291016
2017-03-20,32.77757263183594
2017-03-21,32.4022102355957
2017-03-22,32.76830291748047
2017-03-23,32.65244674682617
2017-03-24,32.58756637573242
2017-03-27,32.643184661865234
2017-03-28,33.31977844238281
2017-03-29,33.3939208984375
2017-03-30,33.349891662597656
2017-03-31,33.2873420715332
2017-04-03,33.296600341796875
2017-04-04,33.54452896118164
2017-04-05,33.370750427246094
2017-04-06,33.2873420715332
2017-04-07,33.21318054199219
2017-04-10,33.17380142211914
2017-04-11,32.81696701049805
2017-04-12,32.85634994506836
2017-04-13,32.68257522583008
2017-04-17,32.863311767578125
2017-04-18,32.71733856201172
2017-04-19,32.596832275390625
2017-04-20,33.004642486572266
2017-04-21,32.96525192260742
2017-04-24,33.28269577026367
2017-04-25,33.488914489746094
2017-04-26,33.29195785522461
2017-04-27,33.31745529174805
2017-04-28,33.28501892089844
2017-05-01,33.96392059326172
2017-05-02,34.179405212402344
2017-05-03,34.07514572143555
2017-05-04,33.95234298706055
2017-05-05,34.51539611816406
2017-05-08,35.453800201416016
2017-05-09,35.68088912963867
2017-05-10,35.51173782348633
2017-05-11,35.8188591003418
2017-05-12,36.319091796875
2017-05-15,36.226016998291016
2017-05-16,36.172515869140625
2017-05-17,34.957984924316406
2017-05-18,35.49079895019531
2017-05-19,35.61178207397461
2017-05-22,35.828163146972656
2017-05-23,35.783973693847656
2017-05-24,35.67692184448242
2017-05-25,35.80025100708008
2017-05-26,35.73975372314453
2017-05-30,35.75371551513672
2017-05-31,35.5419807434082
2017-06-01,35.63970184326172
2017-06-02,36.167850494384766
2017-06-05,35.81420135498047
2017-06-06,35.9351806640625
2017-06-07,36.149234771728516
2017-06-08,36.06083297729492
2017-06-09,34.662506103515625
2017-06-12,33.834228515625
2017-06-13,34.1064453125
2017-06-14,33.773719787597656
2017-06-15,33.571311950683594
2017-06-16,33.101322174072266
2017-06-19,34.04827117919922
2017-06-20,33.73883056640625
2017-06-21,33.93891143798828
2017-06-22,33.88307189941406
2017-06-23,34.034305572509766
2017-06-26,33.927284240722656
2017-06-27,33.44101333618164
2017-06-28,33.92961502075195
2017-06-29,33.42938995361328
2017-06-30,33.50849151611328
2017-07-03,33.38749313354492
2017-07-05,33.524784088134766
2017-07-06,33.20834732055664
2017-07-07,33.545711517333984
2017-07-10,33.750457763671875
2017-07-11,33.85980224609375
2017-07-12,33.9086799621582
2017-07-13,34.380985260009766
2017-07-14,34.67646789550781
2017-07-17,34.797462463378906
2017-07-18,34.91844177246094
2017-07-19,35.137142181396484
2017-07-20,34.97893524169922
2017-07-21,34.962646484375
2017-07-24,35.386104583740234
2017-07-25,35.53733825683594
2017-07-26,35.70485305786133
2017-07-27,35.03012466430664
2017-07-28,34.78349304199219
2017-07-31,34.60433578491211
2017-08-01,34.911460876464844
2017-08-02,36.56105422973633
2017-08-03,36.19578170776367
2017-08-04,36.38654708862305
2017-08-07,36.949607849121094
2017-08-08,37.24509811401367
2017-08-09,37.47311019897461
2017-08-10,36.279510498046875
2017-08-11,36.7840461730957
2017-08-14,37.3376350402832
2017-08-15,37.746402740478516
2017-08-16,37.594573974609375
2017-08-17,36.872802734375
2017-08-18,36.78871536254883
2017-08-21,36.720985412597656
2017-08-22,37.3212776184082
2017-08-23,37.36799240112305
2017-08-24,37.2021598815918
2017-08-25,37.3399772644043
2017-08-28,37.716033935546875
2017-08-29,38.05238723754883
2017-08-30,38.1551628112793
2017-08-31,38.30699157714844
2017-09-01,38.318668365478516
2017-09-05,37.85851287841797
2017-09-06,37.818817138671875
2017-09-07,37.6669807434082
2017-09-08,37.052677154541016
2017-09-11,37.72303771972656
2017-09-12,37.573551177978516
2017-09-13,37.29090881347656
2017-09-14,36.970916748046875
2017-09-15,37.34463882446289
2017-09-18,37.06201171875
2017-09-19,37.076026916503906
2017-09-20,36.454708099365234
2017-09-21,35.828712463378906
2017-09-22,35.47834777832031
2017-09-25,35.16534423828125
2017-09-26,35.77031707763672
2017-09-27,36.02490997314453
2017-09-28,35.80302047729492
2017-09-29,35.99922180175781
2017-10-02,35.92681884765625
2017-10-03,36.083309173583984
2017-10-04,35.84973907470703
2017-10-05,36.295867919921875
2017-10-06,36.274845123291016
2017-10-09,36.40098190307617
2017-10-10,36.41499328613281
2017-10-11,36.56683349609375
2017-10-12,36.4383544921875
2017-10-13,36.66958999633789
2017-10-16,37.34463882446289
2017-10-17,37.482452392578125
2017-10-18,37.316612243652344
2017-10-19,36.43368911743164
2017-10-20,36.49674987792969
2017-10-23,36.47805404663086
2017-10-24,36.695289611816406
2017-10-25,36.534114837646484
2017-10-26,36.7677116394043
2017-10-27,38.085086822509766
2017-10-30,38.94232940673828
2017-10-31,39.484230041503906
2017-11-01,38.98202896118164
2017-11-02,39.266998291015625
2017-11-03,40.29241180419922
2017-11-06,40.701171875
2017-11-07,40.83197784423828
2017-11-08,41.165992736816406
2017-11-09,41.081905364990234
2017-11-10,40.94594955444336
2017-11-13,40.78185272216797
2017-11-14,40.16533279418945
2017-11-15,39.63554382324219
2017-11-16,40.109066009521484
2017-11-17,39.8863639831543
2017-11-20,39.846519470214844
2017-11-21,40.587284088134766
2017-11-22,41.0139274597168
2017-11-24,41.01626205444336
2017-11-27,40.80998229980469
2017-11-28,40.57087326049805
2017-11-29,39.72930908203125
2017-11-30,40.284881591796875
2017-12-01,40.097354888916016
2017-12-04,39.804325103759766
2017-12-05,39.766822814941406
2017-12-06,39.61913299560547
2017-12-07,39.691802978515625
2017-12-08,39.70353698730469
2017-12-11,40.47711181640625
2017-12-12,40.24972915649414
2017-12-13,40.383338928222656
2017-12-14,40.371620178222656
2017-12-15,40.78185272216797
2017-12-18,41.35618209838867
2017-12-19,40.915470123291016
2017-12-20,40.87093734741211
2017-12-21,41.0256462097168
2017-12-22,41.0256462097168
2017-12-26,39.98483657836914
2017-12-27,39.99186325073242
2017-12-28,40.1043815612793
2017-12-29,39.67071533203125
2018-01-02,40.38099670410156
2018-01-03,40.373966217041016
2018-01-04,40.56149673461914
2018-01-05,41.02330780029297
2018-01-08,40.87093734741211
2018-01-09,40.86624526977539
2018-01-10,40.856868743896484
2018-01-11,41.08893966674805
2018-01-12,41.51322937011719
2018-01-16,41.3022575378418
2018-01-17,41.98442077636719
2018-01-18,42.02192306518555
2018-01-19,41.834407806396484
2018-01-22,41.49213409423828
2018-01-23,41.501529693603516
2018-01-24,40.8404541015625
2018-01-25,40.111412048339844
2018-01-26,40.20518493652344
2018-01-29,39.37300491333008
2018-01-30,39.14091873168945
2018-01-31,39.24875259399414
2018-02-01,39.330806732177734
2018-02-02,37.62422561645508
2018-02-05,36.68421173095703
2018-02-06,38.21730422973633
2018-02-07,37.39918899536133
2018-02-08,36.370086669921875
2018-02-09,36.814945220947266
2018-02-12,38.29780578613281
2018-02-13,38.68146896362305
2018-02-14,39.3946533203125
2018-02-15,40.717464447021484
2018-02-16,40.58565139770508
2018-02-20,40.449134826660156
2018-02-21,40.26553726196289
2018-02-22,40.60213088989258
2018-02-23,41.3082389831543
2018-02-26,42.125003814697266
2018-02-27,41.98847579956055
2018-02-28,41.9249267578125
2018-03-01,41.1905632019043
2018-03-02,41.47536087036133
2018-03-05,41.618934631347656
2018-03-06,41.58362579345703
2018-03-07,41.197628021240234
2018-03-08,41.64719009399414
2018-03-09,42.36272430419922
2018-03-12,42.77227783203125
2018-03-13,42.36037826538086
2018-03-14,42.00025177001953
2018-03-15,42.04967498779297
2018-03-16,41.90139389038086
2018-03-19,41.26118087768555
2018-03-20,41.247047424316406
2018-03-21,40.31260681152344
2018-03-22,39.743003845214844
2018-03-23,38.822696685791016
2018-03-26,40.66567611694336
2018-03-27,39.622962951660156
2018-03-28,39.18516540527344
2018-03-29,39.49116134643555
2018-04-02,39.23223114013672
2018-04-03,39.63473129272461
2018-04-04,40.39264678955078
2018-04-05,40.6727409362793
2018-04-06,39.63238525390625
2018-04-09,40.025455474853516
2018-04-10,40.778656005859375
2018-04-11,40.5880012512207
2018-04-12,40.98813247680664
2018-04-13,41.127017974853516
2018-04-16,41.38356399536133
2018-04-17,41.95317459106445
2018-04-18,41.859012603759766
2018-04-19,40.6727409362793
2018-04-20,39.00628662109375
2018-04-23,38.8932991027832
2018-04-24,38.35194778442383
2018-04-25,38.5190544128418
2018-04-26,38.653221130371094
2018-04-27,38.206016540527344
2018-04-30,38.89801788330078
2018-05-01,39.801856994628906
2018-05-02,41.560115814208984
2018-05-03,41.63541030883789
2018-05-04,43.2689094543457
2018-05-07,43.58197021484375
2018-05-08,43.79145812988281
2018-05-09,44.09978485107422
2018-05-10,44.73059844970703
2018-05-11,44.560462951660156
2018-05-14,44.45650100708008
2018-05-15,44.05246353149414
2018-05-16,44.46359634399414
2018-05-17,44.18242645263672
2018-05-18,44.021751403808594
2018-05-21,44.33365249633789
2018-05-22,44.22258758544922
2018-05-23,44.506134033203125
2018-05-24,44.45650100708008
2018-05-25,44.558101654052734
2018-05-29,44.39743423461914
2018-05-30,44.30292510986328
2018-05-31,44.1540641784668
2018-06-01,44.95033645629883
2018-06-04,45.32602310180664
2018-06-05,45.675716400146484
2018-06-06,45.83403778076172
2018-06-07,45.71117401123047
2018-06-08,45.295310974121094
2018-06-11,45.18425750732422
2018-06-12,45.4323616027832
2018-06-13,45.05903244018555
2018-06-14,45.0826530456543
2018-06-15,44.61954116821289
2018-06-18,44.59591293334961
2018-06-19,43.8752555847168
2018-06-20,44.06664276123047
2018-06-21,43.820919036865234
2018-06-22,43.693321228027344
2018-06-25,43.04353332519531
2018-06-26,43.57753372192383
2018-06-27,43.51374053955078
2018-06-28,43.83035659790039
2018-06-29,43.73820495605469
2018-07-02,44.22731018066406
2018-07-03,43.45704650878906
2018-07-05,43.80673599243164
2018-07-06,44.413978576660156
2018-07-09,45.030662536621094
2018-07-10,44.9763298034668
2018-07-11,44.3927116394043
2018-07-12,45.13699722290039
2018-07-13,45.2078857421875
2018-07-16,45.108646392822266
2018-07-17,45.236236572265625
2018-07-18,44.9881477355957
2018-07-19,45.33784103393555
2018-07-20,45.23387908935547
2018-07-23,45.2740364074707
2018-07-24,45.602474212646484
2018-07-25,46.032508850097656
2018-07-26,45.88837814331055
2018-07-27,45.12518310546875
2018-07-30,44.872371673583984
2018-07-31,44.96214294433594
2018-08-01,47.61088562011719
2018-08-02,49.002567291259766
2018-08-03,49.14435577392578
2018-08-06,49.399539947509766
2018-08-07,48.936424255371094
2018-08-08,48.9694938659668
2018-08-09,49.354637145996094
2018-08-10,49.2076301574707
2018-08-13,49.525367736816406
2018-08-14,49.73401641845703
2018-08-15,49.85021209716797
2018-08-16,50.580509185791016
2018-08-17,51.590599060058594
2018-08-20,51.08791732788086
2018-08-21,50.98833465576172
2018-08-22,50.9907112121582
2018-08-23,51.09503936767578
2018-08-24,51.2538948059082
2018-08-27,51.67596435546875
2018-08-28,52.093265533447266
2018-08-29,52.87099075317383
2018-08-30,53.35707473754883
2018-08-31,53.97355651855469
2018-09-04,54.14665603637695
2018-09-05,53.7933464050293
2018-09-06,52.89944839477539
2018-09-07,52.47264099121094
2018-09-10,51.76842498779297
2018-09-11,53.077274322509766
2018-09-12,52.41811752319336
2018-09-13,53.684288024902344
2018-09-14,53.07490539550781
2018-09-17,51.6617317199707
2018-09-18,51.74708938598633
2018-09-19,51.77790832519531
2018-09-20,52.17152404785156
2018-09-21,51.609561920166016
2018-09-24,52.35172653198242
2018-09-25,52.68367385864258
2018-09-26,52.26398849487305
2018-09-27,53.33811569213867
2018-09-28,53.525421142578125
2018-10-01,53.885833740234375
2018-10-02,54.36479568481445
2018-10-03,55.026336669921875
2018-10-04,54.05891799926758
2018-10-05,53.18161392211914
2018-10-08,53.05830764770508
2018-10-09,53.7933464050293
2018-10-10,51.30131530761719
2018-10-11,50.84843826293945
2018-10-12,52.66470718383789
2018-10-15,51.53842544555664
2018-10-16,52.67418670654297
2018-10-17,52.44656753540039
2018-10-18,51.220703125
2018-10-19,52.000789642333984
2018-10-22,52.31853485107422
2018-10-23,52.81172180175781
2018-10-24,51.000186920166016
2018-10-25,52.11698532104492
2018-10-26,51.287078857421875
2018-10-29,50.324432373046875
2018-10-30,50.57575225830078
2018-10-31,51.894100189208984
2018-11-01,52.6907844543457
2018-11-02,49.19576644897461
2018-11-05,47.799198150634766
2018-11-06,48.31610107421875
2018-11-07,49.781436920166016
2018-11-08,49.60774612426758
2018-11-09,48.6512336730957
2018-11-12,46.20047378540039
2018-11-13,45.738868713378906
2018-11-14,44.44687271118164
2018-11-15,45.543758392333984
2018-11-16,46.04819107055664
2018-11-19,44.22321319580078
2018-11-20,42.110313415527344
2018-11-21,42.06272888183594
2018-11-23,40.994384765625
2018-11-26,41.54878234863281
2018-11-27,41.45835876464844
2018-11-28,43.052547454833984
2018-11-29,42.72182083129883
2018-11-30,42.49101638793945
2018-12-03,43.97574234008789
2018-12-04,42.041316986083984
2018-12-06,41.572574615478516
2018-12-07,40.09021759033203
2018-12-10,40.35433578491211
2018-12-11,40.12351989746094
2018-12-12,40.235355377197266
2018-12-13,40.67554473876953
2018-12-14,39.37401580810547
2018-12-17,39.007598876953125
2018-12-18,39.514404296875
2018-12-19,38.28188705444336
2018-12-20,37.315860748291016
2018-12-21,35.86442947387695
2018-12-24,34.93648910522461
2018-12-26,37.39675521850586
2018-12-27,37.154056549072266
2018-12-28,37.1730842590332
2018-12-31,37.532386779785156
2019-01-02,37.575225830078125
2019-01-03,33.832427978515625
2019-01-04,35.2767219543457
2019-01-07,35.19820022583008
2019-01-08,35.86919021606445
2019-01-09,36.47830581665039
2019-01-10,36.59490966796875
2019-01-11,36.23561477661133
2019-01-14,35.69073486328125
2019-01-15,36.42120361328125
2019-01-16,36.86614990234375
2019-01-17,37.08506393432617
2019-01-18,37.31349182128906
2019-01-22,36.475929260253906
2019-01-23,36.62345886230469
2019-01-24,36.33317947387695
2019-01-25,37.53712844848633
2019-01-28,37.18975830078125
2019-01-29,36.804283142089844
2019-01-30,39.31929016113281
2019-01-31,39.60244369506836
2019-02-01,39.6214714050293
2019-02-04,40.746925354003906
2019-02-05,41.4440803527832
2019-02-06,41.45835876464844
2019-02-07,40.67317199707031
2019-02-08,40.72095489501953
2019-02-11,40.48678207397461
2019-02-12,40.835655212402344
2019-02-13,40.665992736816406
2019-02-14,40.814151763916016
2019-02-15,40.72333908081055
2019-02-19,40.84521484375
2019-02-20,41.10807418823242
2019-02-21,40.876285552978516
2019-02-22,41.33269119262695
2019-02-25,41.63376998901367
2019-02-26,41.65767288208008
2019-02-27,41.786705017089844
2019-02-28,41.37569808959961
2019-03-01,41.810611724853516
2019-03-04,42.020896911621094
2019-03-05,41.94442367553711
2019-03-06,41.70307540893555
2019-03-07,41.220375061035156
2019-03-08,41.318363189697266
2019-03-11,42.74971008300781
2019-03-12,43.23002243041992
2019-03-13,43.421199798583984
2019-03-14,43.90388488769531
2019-03-15,44.47500228881836
2019-03-18,44.929019927978516
2019-03-19,44.572975158691406
2019-03-20,44.96247100830078
2019-03-21,46.61845779418945
2019-03-22,45.653053283691406
2019-03-25,45.10107421875
2019-03-26,44.63510513305664
2019-03-27,45.03654479980469
2019-03-28,45.09629440307617
2019-03-29,45.39020919799805
2019-04-01,45.69847106933594
2019-04-02,46.362770080566406
2019-04-03,46.68058395385742
2019-04-04,46.76182556152344
2019-04-05,47.07486343383789
2019-04-08,47.815650939941406
2019-04-09,47.672264099121094
2019-04-10,47.939884185791016
2019-04-11,47.54083251953125
2019-04-12,47.52171325683594
2019-04-15,47.60775375366211
2019-04-16,47.61252975463867
2019-04-17,48.53968811035156
2019-04-18,48.714115142822266
2019-04-22,48.87423324584961
2019-04-23,49.57915496826172
2019-04-24,49.502689361572266
2019-04-25,49.05344009399414
2019-04-26,48.81925964355469
2019-04-29,48.893341064453125
2019-04-30,47.95184326171875
2019-05-01,50.30559158325195
2019-05-02,49.97821807861328
2019-05-03,50.59950637817383
2019-05-06,49.818115234375
2019-05-07,48.475162506103516
2019-05-08,48.4847297668457
2019-05-09,47.96379852294922
2019-05-10,47.2993278503418
2019-05-13,44.55031204223633
2019-05-14,45.255558013916016
2019-05-15,45.797691345214844
2019-05-16,45.596195220947266
2019-05-17,45.337127685546875
2019-05-20,43.919429779052734
2019-05-21,44.76141357421875
2019-05-22,43.8450813293457
2019-05-23,43.096656799316406
2019-05-24,42.931129455566406
2019-05-28,42.75362014770508
2019-05-29,42.54973220825195
2019-05-30,42.77042007446289
2019-05-31,41.995609283447266
2019-06-03,41.57102584838867
2019-06-04,43.09185791015625
2019-06-05,43.787498474121094
2019-06-06,44.430381774902344
2019-06-07,45.61298370361328
2019-06-10,46.19588851928711
2019-06-11,46.730812072753906
2019-06-12,46.582088470458984
2019-06-13,46.57249450683594
2019-06-14,46.23426818847656
2019-06-17,46.51012420654297
2019-06-18,47.60398483276367
2019-06-19,47.464839935302734
2019-06-20,47.84625244140625
2019-06-21,47.683135986328125
2019-06-24,47.63517379760742
2019-06-25,46.91313171386719
2019-06-26,47.92781448364258
2019-06-27,47.91341781616211
2019-06-28,47.47684097290039
2019-07-01,48.34761047363281
2019-07-02,48.63065719604492
2019-07-03,49.03365707397461
2019-07-05,48.990478515625
2019-07-08,47.9805908203125
2019-07-09,48.27323913574219
2019-07-10,48.75059509277344
2019-07-11,48.395572662353516
2019-07-12,48.767391204833984
2019-07-15,49.225563049316406
2019-07-16,49.05525207519531
2019-07-17,48.779388427734375
2019-07-18,49.333499908447266
2019-07-19,48.597076416015625
2019-07-22,49.70771408081055
2019-07-23,50.096317291259766
2019-07-24,50.0555419921875
2019-07-25,49.659751892089844
2019-07-26,49.832454681396484
2019-07-29,50.297813415527344
2019-07-30,50.08192825317383
2019-07-31,51.10380935668945
2019-08-01,49.99796676635742
2019-08-02,48.94011306762695
2019-08-05,46.37818908691406
2019-08-06,47.256160736083984
2019-08-07,47.74549865722656
2019-08-08,48.7985725402832
2019-08-09,48.396453857421875
2019-08-12,48.273643493652344
2019-08-13,50.317962646484375
2019-08-14,48.82025146484375
2019-08-15,48.57704544067383
2019-08-16,49.72321319580078
2019-08-19,50.65025329589844
2019-08-20,50.65265655517578
2019-08-21,51.201663970947266
2019-08-22,51.15831756591797
2019-08-23,48.793758392333984
2019-08-26,49.72079849243164
2019-08-27,49.159751892089844
2019-08-28,49.48964309692383
2019-08-29,50.32759094238281
2019-08-30,50.26258850097656
2019-09-03,49.530582427978516
2019-09-04,50.37092971801758
2019-09-05,51.35576629638672
2019-09-06,51.3509521484375
2019-09-09,51.57007598876953
2019-09-10,52.17926025390625
2019-09-11,53.83830642700195
2019-09-12,53.717918395996094
2019-09-13,52.67289733886719
2019-09-16,52.949798583984375
2019-09-17,53.14242935180664
2019-09-18,53.640869140625
2019-09-19,53.205047607421875
2019-09-20,52.42728042602539
2019-09-23,52.6656608581543
2019-09-24,52.41524124145508
2019-09-25,53.22188949584961
2019-09-26,52.947383880615234
2019-09-27,52.68975067138672
2019-09-30,53.929813385009766
2019-10-01,54.0791130065918
2019-10-02,52.723453521728516
2019-10-03,53.17133712768555
2019-10-04,54.66181182861328
2019-10-07,54.673858642578125
2019-10-08,54.03334426879883
2019-10-09,54.66663360595703
2019-10-10,55.403446197509766
2019-10-11,56.877098083496094
2019-10-14,56.795223236083984
2019-10-15,56.66278839111328
2019-10-16,56.43403625488281
2019-10-17,56.65316390991211
2019-10-18,56.92525100708008
2019-10-21,57.9124870300293
2019-10-22,57.780059814453125
2019-10-23,58.55540084838867
2019-10-24,58.65171432495117
2019-10-25,59.374088287353516
2019-10-28,59.968833923339844
2019-10-29,58.58188247680664
2019-10-30,58.57465362548828
2019-10-31,59.89900207519531
2019-11-01,61.59899139404297
2019-11-04,62.00351333618164
2019-11-05,61.91443634033203
2019-11-06,61.94091033935547
2019-11-07,62.65579605102539
2019-11-08,62.82726287841797
2019-11-11,63.32477569580078
2019-11-12,63.266815185546875
2019-11-13,63.873008728027344
2019-11-14,63.431053161621094
2019-11-15,64.18457794189453
2019-11-18,64.5082015991211
2019-11-19,64.31256103515625
2019-11-20,63.56388473510742
2019-11-21,63.278907775878906
2019-11-22,63.22334289550781
2019-11-25,64.3318862915039
2019-11-26,63.82954406738281
2019-11-27,64.68690490722656
2019-11-29,64.5444107055664
2019-12-02,63.79814529418945
2019-12-03,62.660621643066406
2019-12-04,63.21367645263672
2019-12-05,64.1410903930664
2019-12-06,65.38005065917969
2019-12-09,64.4647216796875
2019-12-10,64.84149932861328
2019-12-11,65.3945541381836
2019-12-12,65.56120300292969
2019-12-13,66.45238494873047
2019-12-16,67.58990478515625
2019-12-17,67.72274780273438
2019-12-18,67.56092071533203
2019-12-19,67.62854766845703
2019-12-20,67.48846435546875
2019-12-23,68.58975982666016
2019-12-24,68.65496063232422
2019-12-26,70.01714324951172
2019-12-27,69.99053955078125
2019-12-30,70.40594482421875
2019-12-31,70.92036437988281
2020-01-02,72.53851318359375
2020-01-03,71.83328247070312
2020-01-06,72.40565490722656
2020-01-07,72.06514739990234
2020-01-08,73.22441864013672
2020-01-09,74.7797622680664
2020-01-10,74.94880676269531
2020-01-13,76.550048828125
2020-01-14,75.5163803100586
2020-01-15,75.19274139404297
2020-01-16,76.13462829589844
2020-01-17,76.97752380371094
2020-01-21,76.45586395263672
2020-01-22,76.72877502441406
2020-01-23,77.0982894897461
2020-01-24,76.87609100341797
2020-01-27,74.61552429199219
2020-01-28,76.72635650634766
2020-01-29,78.3324203491211
2020-01-30,78.21891021728516
2020-01-31,74.75078582763672
2020-02-03,74.54547119140625
2020-02-04,77.0064926147461
2020-02-05,77.63444519042969
2020-02-06,78.54254150390625
2020-02-07,77.47492980957031
2020-02-10,77.84291076660156
2020-02-11,77.37325286865234
2020-02-12,79.210693359375
2020-02-13,78.6466293334961
2020-02-14,78.66600036621094
2020-02-18,77.22557067871094
2020-02-19,78.34402465820312
2020-02-20,77.54029083251953
2020-02-21,75.78515625
2020-02-24,72.18531799316406
2020-02-25,69.74024200439453
2020-02-26,70.84661102294922
2020-02-27,66.2154769897461
2020-02-28,66.17674255371094
2020-03-02,72.33784484863281
2020-03-03,70.04045867919922
2020-03-04,73.28923797607422
2020-03-05,70.91195678710938
2020-03-06,69.97026062011719
2020-03-09,64.43614196777344
2020-03-10,69.0769271850586
2020-03-11,66.67787170410156
2020-03-12,60.09312057495117
2020-03-13,67.29277038574219
2020-03-16,58.63576126098633
2020-03-17,61.21398162841797
2020-03-18,59.71546173095703
2020-03-19,59.25791931152344
2020-03-20,55.49590301513672
2020-03-23,54.316932678222656
2020-03-24,59.76630783081055
2020-03-25,59.43707275390625
2020-03-26,62.56482696533203
2020-03-27,59.97450637817383
2020-03-30,61.6860466003418
2020-03-31,61.56016159057617
2020-04-01,58.32105255126953
2020-04-02,59.29423522949219
2020-04-03,58.442100524902344
2020-04-06,63.54042434692383
2020-04-07,62.804500579833984
2020-04-08,64.41193389892578
2020-04-09,64.87675476074219
2020-04-13,66.1501235961914
2020-04-14,69.49090576171875
2020-04-15,68.85663604736328
2020-04-16,69.40377807617188
2020-04-17,68.46205139160156
2020-04-20,67.04098510742188
2020-04-21,64.96874237060547
2020-04-22,66.84007263183594
2020-04-23,66.58103942871094
2020-04-24,68.5031967163086
2020-04-27,68.55162811279297
2020-04-28,67.44043731689453
2020-04-29,69.65553283691406
2020-04-30,71.12499237060547
2020-05-01,69.97994232177734
2020-05-04,70.97005462646484
2020-05-05,72.0352554321289
2020-05-06,72.77847290039062
2020-05-07,73.5313491821289
2020-05-08,75.28150939941406
2020-05-11,76.46610260009766
2020-05-12,75.59222412109375
2020-05-13,74.67951202392578
2020-05-14,75.13829803466797
2020-05-15,74.69406127929688
2020-05-18,76.45396423339844
2020-05-19,76.01216125488281
2020-05-20,77.49047088623047
2020-05-21,76.91272735595703
2020-05-22,77.40792083740234
2020-05-26,76.88361358642578
2020-05-27,77.21859741210938
2020-05-28,77.25257873535156
2020-05-29,77.17733764648438
2020-06-01,78.1264419555664
2020-06-02,78.48814392089844
2020-06-03,78.9201889038086
2020-06-04,78.24053192138672
2020-06-05,80.46887969970703
2020-06-08,80.94466400146484
2020-06-09,83.50074768066406
2020-06-10,85.64901733398438
2020-06-11,81.53697204589844
2020-06-12,82.24091339111328
2020-06-15,83.25800323486328
2020-06-16,85.46453094482422
2020-06-17,85.34557342529297
2020-06-18,85.37955474853516
2020-06-19,84.89165496826172
2020-06-22,87.11275482177734
2020-06-23,88.97213745117188
2020-06-24,87.40161895751953
2020-06-25,88.56192016601562
2020-06-26,85.84077453613281
2020-06-29,87.81912231445312
2020-06-30,88.55220031738281
2020-07-01,88.38470458984375
2020-07-02,88.38470458984375
2020-07-06,90.74901580810547
2020-07-07,90.46744537353516
2020-07-08,92.57443237304688
2020-07-09,92.97251892089844
2020-07-10,93.1351547241211
2020-07-13,92.70551300048828
2020-07-14,94.23966217041016
2020-07-15,94.88777923583984
2020-07-16,93.72017669677734
2020-07-17,93.53083038330078
2020-07-20,95.50189208984375
2020-07-21,94.1838150024414
2020-07-22,94.44841003417969
2020-07-23,90.14942932128906
2020-07-24,89.92613220214844
2020-07-27,92.0573959350586
2020-07-28,90.5451431274414
2020-07-29,92.28073120117188
2020-07-30,93.39733123779297
2020-07-31,103.17496490478516
2020-08-03,105.77472686767578
2020-08-04,106.48110961914062
2020-08-05,106.86708068847656
2020-08-06,110.59556579589844
2020-08-07,108.08113098144531
2020-08-10,109.65204620361328
2020-08-11,106.3909912109375
2020-08-12,109.92684936523438
2020-08-13,111.87227630615234
2020-08-14,111.7725601196289
2020-08-17,111.48074340820312
2020-08-18,112.40969848632812
2020-08-19,112.55075073242188
2020-08-20,115.04817962646484
2020-08-21,120.97689819335938
2020-08-24,122.423828125
2020-08-25,121.41949462890625
2020-08-26,123.0707015991211
2020-08-27,121.59947204589844
2020-08-28,121.40247344970703
2020-08-31,125.51949310302734
2020-09-01,130.51925659179688
2020-09-02,127.81513977050781
2020-09-03,117.5821304321289
2020-09-04,117.65994262695312
2020-09-08,109.74201965332031
2020-09-09,114.1192626953125
2020-09-10,110.39373779296875
2020-09-11,108.94437408447266
2020-09-14,112.21271514892578
2020-09-15,112.38780975341797
2020-09-16,109.07084655761719
2020-09-17,107.32968139648438
2020-09-18,103.9251480102539
2020-09-21,107.07676696777344
2020-09-22,108.75955200195312
2020-09-23,104.1975326538086
2020-09-24,105.26753997802734
2020-09-25,109.21675109863281
2020-09-28,111.82361602783203
2020-09-29,110.97734069824219
2020-09-30,112.65045166015625
2020-10-01,113.60370635986328
2020-10-02,109.9365463256836
2020-10-05,113.32161712646484
2020-10-06,110.07274627685547
2020-10-07,111.94036865234375
2020-10-08,111.8333740234375
2020-10-09,113.77879333496094
2020-10-12,121.00608825683594
2020-10-13,117.79612731933594
2020-10-14,117.8836669921875
2020-10-15,117.4167709350586
2020-10-16,115.77288055419922
2020-10-19,112.81580352783203
2020-10-20,114.3040771484375
2020-10-21,113.6815414428711
2020-10-22,112.59207153320312
2020-10-23,111.90145111083984
2020-10-26,111.91118621826172
2020-10-27,113.41889953613281
2020-10-28,108.16620635986328
2020-10-29,112.17382049560547
2020-10-30,105.89006805419922
2020-11-02,105.8025131225586
2020-11-03,107.42695617675781
2020-11-04,111.81390380859375
2020-11-05,115.78260803222656
2020-11-06,115.65104675292969
2020-11-09,113.34174346923828
2020-11-10,113.00070190429688
2020-11-11,116.4305648803711
2020-11-12,116.15774536132812
2020-11-13,116.20648193359375
2020-11-16,117.21981811523438
2020-11-17,116.33313751220703
2020-11-18,115.00794219970703
2020-11-19,115.60235595703125
2020-11-20,114.33560943603516
2020-11-23,110.93499755859375
2020-11-24,112.22119140625
2020-11-25,113.05915069580078
2020-11-27,113.60482025146484
2020-11-30,116.0018539428711
2020-12-01,119.577880859375
2020-12-02,119.92864990234375
2020-12-03,119.792236328125
2020-12-04,119.11991119384766
2020-12-07,120.58150482177734
2020-12-08,121.19538116455078
2020-12-09,118.66193389892578
2020-12-10,120.08455657958984
2020-12-11,119.27583312988281
2020-12-14,118.66193389892578
2020-12-15,124.60575866699219
2020-12-16,124.53755187988281
2020-12-17,125.40476989746094
2020-12-18,123.41699981689453
2020-12-21,124.9468002319336
2020-12-22,128.5033416748047
2020-12-23,127.60686492919922
2020-12-24,128.591064453125
2020-12-28,133.190185546875
2020-12-29,131.4167938232422
2020-12-30,130.29620361328125
2020-12-31,129.2926025390625
2021-01-04,126.09658813476562
2021-01-05,127.65560913085938
2021-01-06,123.35852813720703
2021-01-07,127.56792449951172
2021-01-08,128.6690216064453
2021-01-11,125.6775894165039
2021-01-12,125.50218963623047
2021-01-13,127.5386962890625
2021-01-14,125.609375
2021-01-15,123.88470458984375
2021-01-19,124.55703735351562
2021-01-20,128.6494903564453
2021-01-21,133.36557006835938
2021-01-22,135.50926208496094
2021-01-25,139.2606658935547
2021-01-26,139.49452209472656
2021-01-27,138.42266845703125
2021-01-28,133.5799560546875
2021-01-29,128.5813446044922
2021-02-01,130.7054901123047
2021-02-02,131.5337371826172
2021-02-03,130.51058959960938
2021-02-04,133.87225341796875
2021-02-05,133.45753479003906
2021-02-08,133.6038818359375
2021-02-09,132.72560119628906
2021-02-10,132.12059020996094
2021-02-11,131.86688232421875
2021-02-12,132.10105895996094
2021-02-16,129.97373962402344
2021-02-17,127.68049621582031
2021-02-18,126.57781219482422
2021-02-19,126.73387908935547
2021-02-22,122.95735168457031
2021-02-23,122.82076263427734
2021-02-24,122.32305145263672
2021-02-25,118.06834411621094
2021-02-26,118.33181762695312
2021-03-01,124.70413208007812
2021-03-02,122.0986099243164
2021-03-03,119.11248779296875
2021-03-04,117.22909545898438
2021-03-05,118.48793029785156
2021-03-08,113.55013275146484
2021-03-09,118.16593170166016
2021-03-10,117.08272552490234
2021-03-11,119.01493072509766
2021-03-12,118.10736846923828
2021-03-15,120.99588775634766
2021-03-16,122.53772735595703
2021-03-17,121.74729919433594
2021-03-18,117.61945343017578
2021-03-19,117.0925064086914
2021-03-22,120.4103775024414
2021-03-23,119.5809097290039
2021-03-24,117.19004821777344
2021-03-25,117.67798614501953
2021-03-26,118.28302764892578
2021-03-29,118.45865631103516
2021-03-30,117.00465393066406
2021-03-31,119.20033264160156
2021-04-01,120.02979278564453
2021-04-05,122.85977172851562
2021-04-06,123.16228485107422
2021-04-07,124.81146240234375
2021-04-08,127.2120361328125
2021-04-09,129.788330078125
2021-04-12,128.0708465576172
2021-04-13,131.1837615966797
2021-04-14,128.84173583984375
2021-04-15,131.2520751953125
2021-04-16,130.92034912109375
2021-04-19,131.58389282226562
2021-04-20,129.89566040039062
2021-04-21,130.27626037597656
2021-04-22,128.75390625
2021-04-23,131.0764617919922
2021-04-26,131.46676635742188
2021-04-27,131.144775390625
2021-04-28,130.35430908203125
2021-04-29,130.25672912597656
2021-04-30,128.28550720214844
2021-05-03,129.33941650390625
2021-05-04,124.76268005371094
2021-05-05,125.00663757324219
2021-05-06,126.6070785522461
2021-05-07,127.28153991699219
2021-05-10,123.9970932006836
2021-05-11,123.0782241821289
2021-05-12,120.00884246826172
2021-05-13,122.15937042236328
2021-05-14,124.58358001708984
2021-05-17,123.43013763427734
2021-05-18,122.04207611083984
2021-05-19,121.88568115234375
2021-05-20,124.44673919677734
2021-05-21,122.6090087890625
2021-05-24,124.24147033691406
2021-05-25,124.04595947265625
2021-05-26,123.9970932006836
2021-05-27,122.46240234375
2021-05-28,121.80746459960938
2021-06-01,121.48490142822266
2021-06-02,122.24732208251953
2021-06-03,120.76152801513672
2021-06-04,123.05866241455078
2021-06-07,123.06845092773438
2021-06-08,123.88956451416016
2021-06-09,124.27078247070312
2021-06-10,123.27371215820312
2021-06-11,124.48583984375
2021-06-14,127.54544830322266
2021-06-15,126.72435760498047
2021-06-16,127.22284698486328
2021-06-17,128.8260040283203
2021-06-18,127.52590942382812
2021-06-21,129.3245391845703
2021-06-22,130.96673583984375
2021-06-23,130.69308471679688
2021-06-24,130.40957641601562
2021-06-25,130.1162567138672
2021-06-28,131.74874877929688
2021-06-29,133.2638702392578
2021-06-30,133.8796844482422
2021-07-01,134.18272399902344
2021-07-02,136.81224060058594
2021-07-06,138.82591247558594
2021-07-07,141.318603515625
2021-07-08,140.01846313476562
2021-07-09,141.84642028808594
2021-07-12,141.25010681152344
2021-07-13,142.364501953125
2021-07-14,145.79551696777344
2021-07-15,145.14060974121094
2021-07-16,143.09764099121094
2021-07-19,139.24620056152344
2021-07-20,142.86300659179688
2021-07-21,142.12991333007812
2021-07-22,143.4984130859375
2021-07-23,145.2188262939453
2021-07-26,145.63912963867188
2021-07-27,143.46908569335938
2021-07-28,141.71934509277344
2021-07-29,142.364501953125
2021-07-30,142.57957458496094
2021-08-02,142.2471923828125
2021-08-03,144.04579162597656
2021-08-04,143.64503479003906
2021-08-05,143.75253295898438
2021-08-06,143.06727600097656
2021-08-09,143.01834106445312
2021-08-10,142.53863525390625
2021-08-11,142.79318237304688
2021-08-12,145.75946044921875
2021-08-13,145.96505737304688
2021-08-16,147.9425506591797
2021-08-17,147.03213500976562
2021-08-18,143.28262329101562
2021-08-19,143.61549377441406
2021-08-20,145.0741729736328
2021-08-23,146.56219482421875
2021-08-24,146.47412109375
2021-08-25,145.24063110351562
2021-08-26,144.43783569335938
2021-08-27,145.4755859375
2021-08-30,149.90054321289062
2021-08-31,148.63760375976562
2021-09-01,149.30332946777344
2021-09-02,150.4193878173828
2021-09-03,151.0557098388672
2021-09-07,153.3954315185547
2021-09-08,151.84864807128906
2021-09-09,150.83053588867188
2021-09-10,145.83778381347656
2021-09-13,146.40560913085938
2021-09-14,145.0056610107422
2021-09-15,145.8965301513672
2021-09-16,145.66151428222656
2021-09-17,142.9889678955078
2021-09-20,139.93455505371094
2021-09-21,140.41427612304688
2021-09-22,142.78338623046875
2021-09-23,143.7427978515625
2021-09-24,143.8308563232422
2021-09-27,142.31349182128906
2021-09-28,138.92623901367188
2021-09-29,139.82687377929688
2021-09-30,138.52484130859375
2021-10-01,139.65065002441406
2021-10-04,136.21446228027344
2021-10-05,138.14305114746094
2021-10-06,139.0143280029297
2021-10-07,140.2771759033203
2021-10-08,139.89540100097656
2021-10-11,139.8072967529297
2021-10-12,138.53463745117188
2021-10-13,137.94728088378906
2021-10-14,140.73733520507812
2021-10-15,141.79457092285156
2021-10-18,143.4686737060547
2021-10-19,145.63217163085938
2021-10-20,146.12167358398438
2021-10-21,146.33705139160156
2021-10-22,145.56365966796875
2021-10-25,145.5147247314453
2021-10-26,146.18043518066406
2021-10-27,145.72030639648438
2021-10-28,149.3621063232422
2021-10-29,146.6503448486328
2021-11-01,145.82801818847656
2021-11-02,146.86572265625
2021-11-03,148.30477905273438
2021-11-04,147.78594970703125
2021-11-05,148.31536865234375
2021-11-08,147.4918212890625
2021-11-09,147.85455322265625
2021-11-10,145.0211944580078
2021-11-11,144.97216796875
2021-11-12,147.05062866210938
2021-11-15,147.06044006347656
2021-11-16,148.04083251953125
2021-11-17,150.48202514648438
2021-11-18,154.77621459960938
2021-11-19,157.4036865234375
2021-11-22,157.86448669433594
2021-11-23,158.246826171875
2021-11-24,158.7664337158203
2021-11-26,153.7369842529297
2021-11-29,157.09976196289062
2021-11-30,162.06060791015625
2021-12-01,161.541015625
2021-12-02,160.55076599121094
2021-12-03,158.6684112548828
2021-12-06,162.08021545410156
2021-12-07,167.8253936767578
2021-12-08,171.64892578125
2021-12-09,171.1391143798828
2021-12-10,175.93331909179688
2021-12-13,172.2960205078125
2021-12-14,170.91366577148438
2021-12-15,175.7862091064453
2021-12-16,168.88421630859375
2021-12-17,167.78619384765625
2021-12-20,166.42337036132812
2021-12-21,169.59988403320312
2021-12-22,172.19796752929688
2021-12-23,172.82540893554688
2021-12-27,176.79608154296875
2021-12-28,175.7764129638672
2021-12-29,175.86468505859375
2021-12-30,174.7078094482422
2021-12-31,174.0901641845703
2022-01-03,178.44313049316406
2022-01-04,176.1783905029297
2022-01-05,171.49208068847656
2022-01-06,168.6292724609375
2022-01-07,168.7959442138672
2022-01-10,168.81556701660156
2022-01-11,171.64892578125
2022-01-12,172.0901336669922
2022-01-13,168.81556701660156
2022-01-14,169.6783447265625
2022-01-18,166.47244262695312
2022-01-19,162.97235107421875
2022-01-20,161.2860565185547
2022-01-21,159.22723388671875
2022-01-24,158.45269775390625
2022-01-25,156.64878845214844
2022-01-26,156.56057739257812
2022-01-27,156.09976196289062
2022-01-28,166.9920196533203
2022-01-31,171.3548126220703
2022-02-01,171.1881561279297
2022-02-02,172.39404296875
2022-02-03,169.5116424560547
2022-02-04,169.22698974609375
2022-02-07,168.51039123535156
2022-02-08,171.62220764160156
2022-02-09,173.0456085205078
2022-02-10,168.9619598388672
2022-02-11,165.5458221435547
2022-02-14,165.7814178466797
2022-02-15,169.61961364746094
2022-02-16,169.3840789794922
2022-02-17,165.7814178466797
2022-02-18,164.2303924560547
2022-02-22,161.30506896972656
2022-02-23,157.13304138183594
2022-02-24,159.75404357910156
2022-02-25,161.8253631591797
2022-02-28,162.09039306640625
2022-03-01,160.2056121826172
2022-03-02,163.50396728515625
2022-03-03,163.1800079345703
2022-03-04,160.1761474609375
2022-03-07,156.37716674804688
2022-03-08,154.55128479003906
2022-03-09,159.96018981933594
2022-03-10,155.61146545410156
2022-03-11,151.89100646972656
2022-03-14,147.85641479492188
2022-03-15,152.24441528320312
2022-03-16,156.66184997558594
2022-03-17,157.67294311523438
2022-03-18,160.9712677001953
2022-03-21,162.34559631347656
2022-03-22,165.72247314453125
2022-03-23,167.08700561523438
2022-03-24,170.8761749267578
2022-03-25,171.51422119140625
2022-03-28,172.37811279296875
2022-03-29,175.6764678955078
2022-03-30,174.50830078125
2022-03-31,171.40626525878906
2022-04-01,171.11172485351562
2022-04-04,175.1659698486328
2022-04-05,171.8479766845703
2022-04-06,168.67727661132812
2022-04-07,168.98159790039062
2022-04-08,166.96917724609375
2022-04-11,162.70883178710938
2022-04-12,164.58377075195312
2022-04-13,167.27349853515625
2022-04-14,162.2572479248047
2022-04-18,162.0413360595703
2022-04-19,164.32852172851562
2022-04-20,164.1616668701172
2022-04-21,163.36651611328125
2022-04-22,158.8214874267578
2022-04-25,159.89144897460938
2022-04-26,153.92303466796875
2022-04-27,153.69725036621094
2022-04-28,160.63754272460938
2022-04-29,154.7574462890625
2022-05-02,155.06173706054688
2022-05-03,156.55386352539062
2022-05-04,162.97386169433594
2022-05-05,153.89356994628906
2022-05-06,154.62106323242188
2022-05-09,149.4893035888672
2022-05-10,151.8979034423828
2022-05-11,144.02333068847656
2022-05-12,140.1499481201172
2022-05-13,144.62298583984375
2022-05-16,143.0795440673828
2022-05-17,146.7169952392578
2022-05-18,138.43936157226562
2022-05-19,135.02801513671875
2022-05-20,135.26393127441406
2022-05-23,140.6906280517578
2022-05-24,137.98715209960938
2022-05-25,138.14437866210938
2022-05-26,141.3492889404297
2022-05-27,147.1102294921875
2022-05-31,146.32376098632812
2022-06-01,146.19598388671875
2022-06-02,148.6536865234375
2022-06-03,142.92227172851562
2022-06-06,143.66940307617188
2022-06-07,146.19598388671875
2022-06-08,145.45864868164062
2022-06-09,140.22857666015625
2022-06-10,134.81173706054688
2022-06-13,129.6504669189453
2022-06-14,130.5155792236328
2022-06-15,133.14044189453125
2022-06-16,127.86126708984375
2022-06-17,129.3358917236328
2022-06-21,133.57301330566406
2022-06-22,133.06182861328125
2022-06-23,135.9324493408203
2022-06-24,139.26515197753906
2022-06-27,139.26515197753906
2022-06-28,135.11647033691406
2022-06-29,136.876220703125
2022-06-30,134.40863037109375
2022-07-01,136.581298828125
2022-07-05,139.16683959960938
2022-07-06,140.5038299560547
2022-07-07,143.87586975097656
2022-07-08,144.55419921875
2022-07-11,142.42088317871094
2022-07-12,143.3941192626953
2022-07-13,143.03042602539062
2022-07-14,145.96002197265625
2022-07-15,147.63128662109375
2022-07-18,144.58367919921875
2022-07-19,148.44723510742188
2022-07-20,150.45274353027344
2022-07-21,152.7237091064453
2022-07-22,151.4850311279297
2022-07-25,150.3642578125
2022-07-26,149.037109375
2022-07-27,154.1393585205078
2022-07-28,154.6898956298828
2022-07-29,159.7626495361328
2022-08-01,158.77955627441406
2022-08-02,157.304931640625
2022-08-03,163.3214569091797
2022-08-04,163.0068817138672
2022-08-05,162.7804718017578
2022-08-08,162.30789184570312
2022-08-09,162.35714721679688
2022-08-10,166.61000061035156
2022-08-11,165.87164306640625
2022-08-12,169.42555236816406
2022-08-15,170.4986114501953
2022-08-16,170.34107971191406
2022-08-17,171.83749389648438
2022-08-18,171.44366455078125
2022-08-19,168.8545379638672
2022-08-22,164.96595764160156
2022-08-23,164.63124084472656
2022-08-24,164.9265594482422
2022-08-25,167.38771057128906
2022-08-26,161.07730102539062
2022-08-29,158.87216186523438
2022-08-30,156.44052124023438
2022-08-31,154.77676391601562
2022-09-01,155.50527954101562
2022-09-02,153.38868713378906
2022-09-06,152.1285858154297
2022-09-07,153.53639221191406
2022-09-08,152.0596923828125
2022-09-09,154.92445373535156
2022-09-12,160.8902587890625
2022-09-13,151.44927978515625
2022-09-14,152.89645385742188
2022-09-15,150.00213623046875
2022-09-16,148.35809326171875
2022-09-19,152.07936096191406
2022-09-20,154.46177673339844
2022-09-21,151.33119201660156
2022-09-22,150.36639404296875
2022-09-23,148.09226989746094
2022-09-26,148.427001953125
2022-09-27,149.40164184570312
2022-09-28,147.51145935058594
2022-09-29,140.2658233642578
2022-09-30,136.05235290527344
2022-10-03,140.23629760742188
2022-10-04,143.82960510253906
2022-10-05,144.12493896484375
2022-10-06,143.1699981689453
2022-10-07,137.91297912597656
2022-10-10,138.2378387451172
2022-10-11,136.8202362060547
2022-10-12,136.19015502929688
2022-10-13,140.7679443359375
2022-10-14,136.22955322265625
2022-10-17,140.19691467285156
2022-10-18,141.51611328125
2022-10-19,141.62440490722656
2022-10-20,141.16168212890625
2022-10-21,144.98143005371094
2022-10-24,147.12750244140625
2022-10-25,149.9726104736328
2022-10-26,147.02908325195312
2022-10-27,142.54978942871094
2022-10-28,153.3197784423828
2022-10-31,150.9570770263672
2022-11-01,148.30886840820312
2022-11-02,142.7761993408203
2022-11-03,136.72178649902344
2022-11-04,136.45555114746094
2022-11-07,136.98802185058594
2022-11-08,137.55996704101562
2022-11-09,132.99435424804688
2022-11-10,144.8274688720703
2022-11-11,147.6181182861328
2022-11-14,146.21788024902344
2022-11-15,147.95338439941406
2022-11-16,146.72076416015625
2022-11-17,148.6239471435547
2022-11-18,149.18597412109375
2022-11-21,145.9516143798828
2022-11-22,148.09141540527344
2022-11-23,148.9690704345703
2022-11-25,146.05023193359375
2022-11-28,142.21434020996094
2022-11-29,139.20675659179688
2022-11-30,145.97134399414062
2022-12-01,146.24745178222656
2022-12-02,145.75439453125
2022-12-05,144.59080505371094
2022-12-06,140.9225616455078
2022-12-07,138.9799346923828
2022-12-08,140.6661376953125
2022-12-09,140.18296813964844
2022-12-12,142.4805908203125
2022-12-13,143.4469757080078
2022-12-14,141.21839904785156
2022-12-15,134.6016845703125
2022-12-16,132.63934326171875
2022-12-19,130.52911376953125
2022-12-20,130.4600830078125
2022-12-21,133.56629943847656
2022-12-22,130.3910675048828
2022-12-23,130.02622985839844
2022-12-27,128.2216796875
2022-12-28,124.28714752197266
2022-12-29,127.80751037597656
2022-12-30,128.123046875
2023-01-03,123.33064270019531
2023-01-04,124.60269927978516
2023-01-05,123.28133392333984
2023-01-06,127.81735229492188
2023-01-09,128.3399658203125
2023-01-10,128.91192626953125
2023-01-11,131.63357543945312
2023-01-12,131.5546875
2023-01-13,132.88587951660156
2023-01-17,134.0494842529297
2023-01-18,133.3296356201172
2023-01-19,133.3887939453125
2023-01-20,135.95263671875
2023-01-23,139.1475830078125
2023-01-24,140.54782104492188
2023-01-25,139.88714599609375
2023-01-26,141.95794677734375
2023-01-27,143.90052795410156
2023-01-30,141.01129150390625
2023-01-31,142.28335571289062
2023-02-01,143.40748596191406
2023-02-02,148.72254943847656
2023-02-03,152.3513641357422
2023-02-06,149.61985778808594
2023-02-07,152.49928283691406
2023-02-08,149.80723571777344
2023-02-09,148.77183532714844
2023-02-10,149.13722229003906
2023-02-13,151.94203186035156
2023-02-14,151.30007934570312
2023-02-15,153.40370178222656
2023-02-16,151.8037872314453
2023-02-17,150.6581573486328
2023-02-21,146.6386260986328
2023-02-22,147.06332397460938
2023-02-23,147.5472412109375
2023-02-24,144.89059448242188
2023-02-27,146.08558654785156
2023-02-28,145.5819091796875
2023-03-01,143.50794982910156
2023-03-02,144.1005096435547
2023-03-03,149.15699768066406
2023-03-06,151.9222869873047
2023-03-07,149.71994018554688
2023-03-08,150.9741668701172
2023-03-09,148.7224578857422
2023-03-10,146.6584014892578
2023-03-13,148.6039276123047
2023-03-14,150.69764709472656
2023-03-15,151.09271240234375
2023-03-16,153.91722106933594
2023-03-17,153.0778045654297
2023-03-20,155.44801330566406
2023-03-21,157.30470275878906
2023-03-22,155.8726806640625
2023-03-23,156.95901489257812
2023-03-24,158.26268005371094
2023-03-27,156.3170928955078
2023-03-28,155.6949005126953
2023-03-29,158.77622985839844
2023-03-30,160.34652709960938
2023-03-31,162.85498046875
2023-04-03,164.1092529296875
2023-04-04,163.57594299316406
2023-04-05,161.72914123535156
2023-04-06,162.61801147460938
2023-04-10,160.0205841064453
2023-04-11,158.80584716796875
2023-04-12,158.11453247070312
2023-04-13,163.50682067871094
2023-04-14,163.16114807128906
2023-04-17,163.180908203125
2023-04-18,164.40553283691406
2023-04-19,165.55116271972656
2023-04-20,164.58328247070312
2023-04-21,162.97352600097656
2023-04-24,163.2796630859375
2023-04-25,161.739013671875
2023-04-26,161.72914123535156
2023-04-27,166.32150268554688
2023-04-28,167.57569885253906
2023-05-01,167.48683166503906
2023-05-02,166.44985961914062
2023-05-03,165.3733673095703
2023-05-04,163.7339630126953
2023-05-05,171.41748046875
2023-05-08,171.3483428955078
2023-05-09,169.63983154296875
2023-05-10,171.40760803222656
2023-05-11,171.59524536132812
2023-05-12,170.66563415527344
2023-05-15,170.17112731933594
2023-05-16,170.17112731933594
2023-05-17,170.7843017578125
2023-05-18,173.11827087402344
2023-05-19,173.22703552246094
2023-05-22,172.27761840820312
2023-05-23,169.66676330566406
2023-05-24,169.9436798095703
2023-05-25,171.0810089111328
2023-05-26,173.4940643310547
2023-05-30,175.34341430664062
2023-05-31,175.29397583007812
2023-06-01,178.10263061523438
2023-06-02,178.95314025878906
2023-06-05,177.59828186035156
2023-06-06,177.2323455810547
2023-06-07,175.85768127441406
2023-06-08,178.5773468017578
2023-06-09,178.96304321289062
2023-06-12,181.76177978515625
2023-06-13,181.28712463378906
2023-06-14,181.92002868652344
2023-06-15,183.95729064941406
2023-06-16,182.87933349609375
2023-06-20,182.96832275390625
2023-06-21,181.92994689941406
2023-06-22,184.93638610839844
2023-06-23,184.61990356445312
2023-06-26,183.22549438476562
2023-06-27,185.9846649169922
2023-06-28,187.16152954101562
2023-06-29,187.497802734375
2023-06-30,191.8294677734375
2023-07-03,190.3361358642578
2023-07-05,189.21861267089844
2023-07-06,189.6933135986328
2023-07-07,188.57577514648438
2023-07-10,186.5286102294922
2023-07-11,186.00445556640625
2023-07-12,187.67579650878906
2023-07-13,188.43728637695312
2023-07-14,188.5856475830078
2023-07-17,191.84925842285156
2023-07-18,191.5921173095703
2023-07-19,192.94699096679688
2023-07-20,190.99871826171875
2023-07-21,189.82186889648438
2023-07-24,190.62294006347656
2023-07-25,191.48333740234375
2023-07-26,192.35360717773438
2023-07-27,191.08773803710938
2023-07-28,193.66893005371094
2023-07-31,194.2821044921875
2023-08-01,193.4513702392578
2023-08-02,190.45480346679688
2023-08-03,189.06036376953125
2023-08-04,179.98167419433594
2023-08-07,176.87632751464844
2023-08-08,177.8158416748047
2023-08-09,176.22360229492188
2023-08-10,176.00601196289062
2023-08-11,176.0654296875
2023-08-14,177.71923828125
2023-08-15,175.72872924804688
2023-08-16,174.85728454589844
2023-08-17,172.31222534179688
2023-08-18,172.79747009277344
2023-08-21,174.13436889648438
2023-08-22,175.51089477539062
2023-08-23,179.36312866210938
2023-08-24,174.66912841796875
2023-08-25,176.8774871826172
2023-08-28,178.44216918945312
2023-08-29,182.3340606689453
2023-08-30,185.8297882080078
2023-08-31,186.04766845703125
2023-09-01,187.6222686767578
2023-09-05,187.85992431640625
2023-09-06,181.1357879638672
2023-09-07,175.83766174316406
2023-09-08,176.45166015625
2023-09-11,177.62022399902344
2023-09-12,174.5899200439453
2023-09-13,172.5201873779297
2023-09-14,174.0353546142578
2023-09-15,173.31239318847656
2023-09-18,176.24368286132812
2023-09-19,177.3330535888672
2023-09-20,173.7877655029297
2023-09-21,172.24288940429688
2023-09-22,173.09454345703125
2023-09-25,174.37200927734375
2023-09-26,170.29197692871094
2023-09-27,168.77684020996094
2023-09-28,169.03431701660156
2023-09-29,169.54928588867188
2023-10-02,172.06463623046875
2023-10-03,170.72772216796875
2023-10-04,171.97552490234375
2023-10-05,173.21339416503906
2023-10-06,175.7683563232422
2023-10-09,177.25384521484375
2023-10-10,176.6596221923828
2023-10-11,178.05596923828125
2023-10-12,178.95713806152344
2023-10-13,177.11517333984375
2023-10-16,176.98643493652344
2023-10-17,175.4316864013672
2023-10-18,174.13436889648438
2023-10-19,173.75807189941406
2023-10-20,171.2030792236328
2023-10-23,171.32191467285156
2023-10-24,171.75762939453125
2023-10-25,169.4403533935547
2023-10-26,165.2711639404297
2023-10-27,166.58828735351562
2023-10-30,168.63818359375
2023-10-31,169.11354064941406
2023-11-01,172.28248596191406
2023-11-02,175.8476104736328
2023-11-03,174.93650817871094
2023-11-06,177.49148559570312
2023-11-07,180.0563507080078
2023-11-08,181.11599731445312
2023-11-09,180.64064025878906
2023-11-10,184.83511352539062
2023-11-13,183.24853515625
2023-11-14,185.8664093017578
2023-11-15,186.43157958984375
2023-11-16,188.11734008789062
2023-11-17,188.09750366210938
2023-11-20,189.8427276611328
2023-11-21,189.03953552246094
2023-11-22,189.7039031982422
2023-11-24,188.3751678466797
2023-11-27,188.19667053222656
2023-11-28,188.80152893066406
2023-11-29,187.78021240234375
2023-11-30,188.3553009033203
2023-12-01,189.63449096679688
2023-12-04,187.83969116210938
2023-12-05,191.7961883544922
2023-12-06,190.70542907714844
2023-12-07,192.63902282714844
2023-12-08,194.06698608398438
2023-12-11,191.55821228027344
2023-12-12,193.0753631591797
2023-12-13,196.29808044433594
2023-12-14,196.4468231201172
2023-12-15,195.91136169433594
2023-12-18,194.24545288085938
2023-12-19,195.28663635253906
2023-12-20,193.19435119628906
2023-12-21,193.04559326171875
2023-12-22,191.97470092773438
2023-12-26,191.42929077148438
2023-12-27,191.5284423828125
2023-12-28,191.95484924316406
2023-12-29,190.91368103027344
2024-01-02,184.0814971923828
2024-01-03,182.70318603515625
2024-01-04,180.38282775878906
2024-01-05,179.65895080566406
2024-01-08,184.00216674804688
2024-01-09,183.585693359375
2024-01-10,184.6269073486328
2024-01-11,184.03192138671875
2024-01-12,184.35914611816406
2024-01-16,182.08837890625
2024-01-17,181.14634704589844
2024-01-18,187.04640197753906
2024-01-19,189.95181274414062
2024-01-22,192.26223754882812
2024-01-23,193.54141235351562
2024-01-24,192.8671112060547
2024-01-25,192.53990173339844
2024-01-26,190.8045654296875
2024-01-29,190.12037658691406
2024-01-30,186.4613494873047
2024-01-31,182.85189819335938
2024-02-01,185.29124450683594
2024-02-02,184.2897491455078
2024-02-05,186.1043701171875
2024-02-06,187.71078491210938
2024-02-07,187.81985473632812
2024-02-08,186.73902893066406
2024-02-09,187.50350952148438
2024-02-12,185.81561279296875
2024-02-13,183.7206573486328
2024-02-14,182.83700561523438
2024-02-15,182.54910278320312
2024-02-16,181.01014709472656
2024-02-20,180.26548767089844
2024-02-21,181.0200653076172
2024-02-22,183.05545043945312
2024-02-23,181.21865844726562
2024-02-26,179.8683319091797
2024-02-27,181.32785034179688
2024-02-28,180.12648010253906
2024-02-29,179.4612579345703
2024-03-01,178.3790283203125
2024-03-04,173.85154724121094
2024-03-05,168.9070281982422
2024-03-06,167.9141845703125
2024-03-07,167.7950439453125
2024-03-08,169.5126953125
2024-03-11,171.51829528808594
2024-03-12,171.994873046875
2024-03-13,169.9098663330078
2024-03-14,171.7665252685547
2024-03-15,171.38922119140625
2024-03-18,172.48138427734375
2024-03-19,174.82456970214844
2024-03-20,177.3960723876953
2024-03-21,170.14813232421875
2024-03-22,171.05166625976562
2024-03-25,169.63185119628906
2024-03-26,168.49998474121094
2024-03-27,172.0742950439453
2024-03-28,170.2573699951172
2024-04-01,168.8177032470703
2024-04-02,167.6361846923828
2024-04-03,168.44039916992188
2024-04-04,167.61631774902344
2024-04-05,168.3708953857422
2024-04-08,167.24896240234375
2024-04-09,168.46026611328125
2024-04-10,166.583740234375
2024-04-11,173.79197692871094
2024-04-12,175.2912139892578
2024-04-15,171.45870971679688
2024-04-16,168.1723175048828
2024-04-17,166.8021697998047
2024-04-18,165.8489990234375
2024-04-19,163.82354736328125
2024-04-22,164.65757751464844
2024-04-23,165.7100067138672
2024-04-24,167.81491088867188
2024-04-25,168.6787109375
2024-04-26,168.0928955078125
2024-04-29,172.26295471191406
2024-04-30,169.11557006835938
2024-05-01,168.0928955078125
2024-05-02,171.79629516601562
2024-05-03,182.072509765625
2024-05-06,180.41444396972656
2024-05-07,181.0994873046875
2024-05-08,181.43707275390625
2024-05-09,183.2540283203125
2024-05-10,181.9913787841797
2024-05-13,185.2026824951172
2024-05-14,186.34603881835938
2024-05-15,188.622802734375
2024-05-16,188.74209594726562
2024-05-17,188.77191162109375
2024-05-20,189.93515014648438
2024-05-21,191.2375946044922
2024-05-22,189.7959747314453
2024-05-23,185.79922485351562
2024-05-24,188.88128662109375
2024-05-28,188.8912353515625
2024-05-29,189.1894989013672
2024-05-30,190.1837158203125
2024-05-31,191.13816833496094
2024-06-03,192.9078826904297
2024-06-04,193.2260284423828
2024-06-05,194.7372283935547
2024-06-06,193.3552703857422
2024-06-07,195.75132751464844
2024-06-10,192.00314331054688
2024-06-11,205.95199584960938
2024-06-12,211.83778381347656
2024-06-13,213.00099182128906
2024-06-14,211.26112365722656
2024-06-17,215.4169464111328
2024-06-18,213.05068969726562
2024-06-20,208.4673614501953
2024-06-21,206.2900390625
2024-06-24,206.936279296875
2024-06-25,207.8609161376953
2024-06-26,212.01670837402344
2024-06-27,212.86180114746094
2024-06-28,209.4019317626953
2024-07-01,215.49647521972656
2024-07-02,218.9961395263672
2024-07-03,220.2687225341797
2024-07-05,225.03102111816406
2024-07-08,226.5024871826172
2024-07-09,227.35748291015625
2024-07-10,231.6326141357422
2024-07-11,226.25390625
2024-07-12,229.2067108154297
2024-07-15,233.04440307617188
2024-07-16,233.4619903564453
2024-07-17,227.5563507080078
2024-07-18,222.8834991455078
2024-07-19,223.01275634765625
2024-07-22,222.664794921875
2024-07-23,223.7086944580078
2024-07-24,217.276123046875
2024-07-25,216.23219299316406
2024-07-26,216.69949340820312
2024-07-29,216.97787475585938
2024-07-30,217.5346221923828
2024-07-31,220.795654296875
2024-08-01,217.09718322753906
2024-08-02,218.58848571777344
2024-08-05,208.0597381591797
2024-08-06,206.0315399169922
2024-08-07,208.6065673828125
2024-08-08,212.07638549804688
2024-08-09,214.98944091796875
2024-08-12,216.5222930908203
2024-08-13,220.2449951171875
2024-08-14,220.69287109375
2024-08-15,223.6790008544922
2024-08-16,225.00283813476562
2024-08-19,224.84356689453125
2024-08-20,225.460693359375
2024-08-21,225.35122680664062
2024-08-22,223.4898681640625
2024-08-23,225.78916931152344
2024-08-26,226.1276092529297
2024-08-27,226.9736785888672
2024-08-28,225.4407958984375
2024-08-29,228.72549438476562
2024-08-30,227.9391632080078
2024-09-03,221.738037109375
2024-09-04,219.82693481445312
2024-09-05,221.34983825683594
2024-09-06,219.79705810546875
2024-09-09,219.8866424560547
2024-09-10,219.09034729003906
2024-09-11,221.62855529785156
2024-09-12,221.738037109375
2024-09-13,221.46926879882812
2024-09-16,215.3179168701172
2024-09-17,215.7857208251953
2024-09-18,219.66766357421875
2024-09-19,227.80975341796875
2024-09-20,227.14285278320312
2024-09-23,225.4208984375
2024-09-24,226.31671142578125
2024-09-25,225.32135009765625
2024-09-26,226.4660186767578
2024-09-27,226.73477172851562
2024-09-30,231.92062377929688
2024-10-01,225.162109375
2024-10-02,225.7294464111328
2024-10-03,224.6245880126953
2024-10-04,225.74935913085938
2024-10-07,220.6630401611328
2024-10-08,224.72413635253906
2024-10-09,228.47665405273438
2024-10-10,227.97897338867188
2024-10-11,226.49588012695312
2024-10-14,230.228515625
2024-10-15,232.76669311523438
2024-10-16,230.70628356933594
2024-10-17,231.07456970214844
2024-10-18,233.91136169433594
2024-10-21,235.38449096679688
2024-10-22,234.76739501953125
2024-10-23,229.6909942626953
2024-10-24,229.50189208984375
2024-10-25,230.3380126953125
2024-10-28,232.31878662109375
2024-10-29,232.58753967285156
2024-10-30,229.03407287597656
2024-10-31,224.86349487304688
2024-11-01,221.87738037109375
2024-11-04,220.98153686523438
2024-11-05,222.4148712158203
2024-11-06,221.68824768066406
2024-11-07,226.42620849609375
2024-11-08,226.15716552734375
2024-11-11,223.4368133544922
2024-11-12,223.4368133544922
2024-11-13,224.3236541748047
2024-11-14,227.41270446777344
2024-11-15,224.20408630371094
2024-11-18,227.21339416503906
2024-11-19,227.4724884033203
2024-11-20,228.18994140625
2024-11-21,227.71163940429688
2024-11-22,229.05685424804688
2024-11-25,232.04624938964844
2024-11-26,234.22850036621094
2024-11-27,234.0989532470703
2024-11-29,236.49046325683594
2024-12-02,238.7424774169922
2024-12-03,241.79165649414062
2024-12-04,242.150390625
2024-12-05,242.18026733398438
2024-12-06,241.98097229003906
2024-12-09,245.8771514892578
2024-12-10,246.8935546875
2024-12-11,245.6180877685547
2024-12-12,247.0828857421875
2024-12-13,247.2522735595703
2024-12-16,250.1519775390625
2024-12-17,252.58334350585938
2024-12-18,247.1725616455078
2024-12-19,248.90640258789062
2024-12-20,253.5897979736328
2024-12-23,254.36703491210938
2024-12-24,257.28668212890625
2024-12-26,258.1037292480469
2024-12-27,254.68588256835938
2024-12-30,251.307861328125
2024-12-31,249.53416442871094
